{
    "botShape": "default",
    "path": "/",
    "mat": "Alphabet Mat",
    "type": "Bee-Bot",
    "commands": "fd,fd,lt,fd,fd,fd,ps,bk,lt,fd,fd,ps,bk,bk,bk,lt,fd,fd,ps,bk,bk,rt,fd,fd,fd,ps,fd,lt,bk,ps,fd,fd,lt,fd,ps,fd,fd,fd,lt,fd,fd,ps,bk,bk,lt,fd,fd,fd,ps,ps,lt,fd,lt,fd,fd,fd,ps,lt,bk,lt,fd,fd,fd,fd,fd,ps,bk,rt,fd,fd,fd,ps,rt,fd,fd,fd,fd,rt,fd,fd,fd,ps,bk,bk,bk,bk,rt,fd,fd,fd,ps,lt,fd,fd,fd,lt,fd,fd,ps,lt,fd,fd,fd,ps,bk,bk,bk,bk,lt,bk,ps,fd,fd,fd,fd,rt,fd,fd,fd,fd,rt,ps",
    "visible": true
}